season,round,lapNumber,driverId,position,time,lap_time_sec,pit_or_following,slow_outlier,missing_time,stint,tire_age,grid_position
2019,10,1,bottas,1,1:34.461,94.461,False,False,False,0,0,1
2019,10,2,bottas,1,1:31.644,91.644,False,False,False,0,1,1
2019,10,3,bottas,1,1:31.985,91.985,False,False,False,0,2,1
2019,10,4,bottas,1,1:31.603,91.60300000000001,False,False,False,0,3,1
2019,10,5,bottas,1,1:31.013,91.013,False,False,False,0,4,1
2019,10,6,bottas,1,1:31.437,91.437,False,False,False,0,5,1
2019,10,7,bottas,1,1:30.938,90.938,False,False,False,0,6,1
2019,10,8,bottas,1,1:30.891,90.89099999999999,False,False,False,0,7,1
2019,10,9,bottas,1,1:31.410,91.41,False,False,False,0,8,1
2019,10,10,bottas,1,1:30.725,90.725,False,False,False,0,9,1
2019,10,11,bottas,1,1:30.901,90.901,False,False,False,0,10,1
2019,10,12,bottas,1,1:30.872,90.872,False,False,False,0,11,1
2019,10,13,bottas,1,1:30.741,90.741,False,False,False,0,12,1
2019,10,14,bottas,1,1:30.866,90.866,False,False,False,0,13,1
2019,10,15,bottas,1,1:30.631,90.631,False,False,False,0,14,1
2019,10,18,bottas,3,1:30.344,90.344,False,False,False,1,1,1
2019,10,19,bottas,3,1:30.624,90.624,False,False,False,1,2,1
2019,10,24,bottas,2,1:30.318,90.318,False,False,False,1,7,1
2019,10,25,bottas,2,1:30.071,90.071,False,False,False,1,8,1
2019,10,26,bottas,2,1:29.958,89.958,False,False,False,1,9,1
2019,10,27,bottas,2,1:29.849,89.849,False,False,False,1,10,1
2019,10,28,bottas,2,1:29.649,89.649,False,False,False,1,11,1
2019,10,29,bottas,2,1:29.420,89.42,False,False,False,1,12,1
2019,10,30,bottas,2,1:29.536,89.536,False,False,False,1,13,1
2019,10,31,bottas,2,1:29.727,89.727,False,False,False,1,14,1
2019,10,32,bottas,2,1:29.701,89.701,False,False,False,1,15,1
2019,10,33,bottas,2,1:29.333,89.333,False,False,False,1,16,1
2019,10,34,bottas,2,1:29.219,89.219,False,False,False,1,17,1
2019,10,35,bottas,2,1:29.192,89.19200000000001,False,False,False,1,18,1
2019,10,36,bottas,2,1:29.127,89.127,False,False,False,1,19,1
2019,10,37,bottas,2,1:29.473,89.473,False,False,False,1,20,1
2019,10,38,bottas,2,1:29.287,89.287,False,False,False,1,21,1
2019,10,39,bottas,2,1:29.401,89.401,False,False,False,1,22,1
2019,10,40,bottas,2,1:28.971,88.971,False,False,False,1,23,1
2019,10,41,bottas,2,1:28.936,88.936,False,False,False,1,24,1
2019,10,42,bottas,2,1:28.784,88.78399999999999,False,False,False,1,25,1
2019,10,43,bottas,2,1:29.001,89.001,False,False,False,1,26,1
2019,10,44,bottas,2,1:29.016,89.01599999999999,False,False,False,1,27,1
2019,10,47,bottas,2,1:27.406,87.406,False,False,False,2,1,1
2019,10,48,bottas,2,1:28.680,88.68,False,False,False,2,2,1
2019,10,49,bottas,2,1:28.399,88.399,False,False,False,2,3,1
2019,10,50,bottas,2,1:29.243,89.243,False,False,False,2,4,1
2019,10,51,bottas,2,1:29.796,89.79599999999999,False,False,False,2,5,1
2019,10,52,bottas,2,1:30.849,90.849,False,False,False,2,6,1
2019,10,2,gasly,6,1:32.305,92.305,False,False,False,0,1,5
2019,10,3,gasly,6,1:31.847,91.84700000000001,False,False,False,0,2,5
2019,10,4,gasly,6,1:31.656,91.656,False,False,False,0,3,5
2019,10,5,gasly,6,1:31.844,91.844,False,False,False,0,4,5
2019,10,6,gasly,6,1:31.709,91.709,False,False,False,0,5,5
2019,10,7,gasly,6,1:31.625,91.625,False,False,False,0,6,5
2019,10,8,gasly,6,1:31.540,91.53999999999999,False,False,False,0,7,5
2019,10,9,gasly,6,1:31.410,91.41,False,False,False,0,8,5
2019,10,10,gasly,6,1:31.593,91.593,False,False,False,0,9,5
2019,10,11,gasly,6,1:32.182,92.182,False,False,False,0,10,5
2019,10,14,gasly,7,1:32.588,92.588,False,False,False,1,1,5
2019,10,15,gasly,7,1:32.166,92.166,False,False,False,1,2,5
2019,10,16,gasly,7,1:31.948,91.94800000000001,False,False,False,1,3,5
2019,10,17,gasly,7,1:32.368,92.368,False,False,False,1,4,5
2019,10,18,gasly,7,1:31.740,91.74,False,False,False,1,5,5
2019,10,19,gasly,7,1:31.605,91.605,False,False,False,1,6,5
2019,10,24,gasly,4,1:33.192,93.19200000000001,False,False,False,1,11,5
2019,10,25,gasly,4,1:31.381,91.381,False,False,False,1,12,5
2019,10,26,gasly,4,1:30.844,90.844,False,False,False,1,13,5
2019,10,27,gasly,5,1:31.765,91.765,False,False,False,1,14,5
2019,10,28,gasly,5,1:30.482,90.482,False,False,False,1,15,5
2019,10,29,gasly,5,1:30.617,90.617,False,False,False,1,16,5
2019,10,30,gasly,5,1:30.188,90.188,False,False,False,1,17,5
2019,10,31,gasly,5,1:30.201,90.201,False,False,False,1,18,5
2019,10,32,gasly,5,1:30.024,90.024,False,False,False,1,19,5
2019,10,33,gasly,5,1:29.941,89.941,False,False,False,1,20,5
2019,10,34,gasly,5,1:29.837,89.837,False,False,False,1,21,5
2019,10,35,gasly,5,1:29.743,89.743,False,False,False,1,22,5
2019,10,36,gasly,6,1:31.010,91.01,False,False,False,1,23,5
2019,10,37,gasly,4,1:30.622,90.622,False,False,False,1,24,5
2019,10,38,gasly,4,1:30.495,90.495,False,False,False,1,25,5
2019,10,39,gasly,4,1:30.147,90.14699999999999,False,False,False,1,26,5
2019,10,40,gasly,4,1:29.905,89.905,False,False,False,1,27,5
2019,10,41,gasly,4,1:29.980,89.98,False,False,False,1,28,5
2019,10,42,gasly,4,1:29.872,89.872,False,False,False,1,29,5
2019,10,43,gasly,4,1:29.795,89.795,False,False,False,1,30,5
2019,10,44,gasly,4,1:29.814,89.814,False,False,False,1,31,5
2019,10,45,gasly,4,1:29.875,89.875,False,False,False,1,32,5
2019,10,46,gasly,4,1:29.682,89.682,False,False,False,1,33,5
2019,10,47,gasly,4,1:29.579,89.57900000000001,False,False,False,1,34,5
2019,10,48,gasly,4,1:29.544,89.544,False,False,False,1,35,5
2019,10,49,gasly,4,1:29.830,89.83,False,False,False,1,36,5
2019,10,50,gasly,4,1:29.692,89.69200000000001,False,False,False,1,37,5
2019,10,51,gasly,4,1:30.009,90.009,False,False,False,1,38,5
2019,10,52,gasly,4,1:29.975,89.975,False,False,False,1,39,5
2019,10,2,hamilton,2,1:31.923,91.923,False,False,False,0,1,2
2019,10,3,hamilton,2,1:31.635,91.635,False,False,False,0,2,2
2019,10,4,hamilton,2,1:32.058,92.05799999999999,False,False,False,0,3,2
2019,10,5,hamilton,2,1:31.540,91.53999999999999,False,False,False,0,4,2
2019,10,6,hamilton,2,1:30.967,90.967,False,False,False,0,5,2
2019,10,7,hamilton,2,1:30.940,90.94,False,False,False,0,6,2
2019,10,8,hamilton,2,1:30.850,90.85,False,False,False,0,7,2
2019,10,9,hamilton,2,1:31.140,91.14,False,False,False,0,8,2
2019,10,10,hamilton,2,1:30.972,90.97200000000001,False,False,False,0,9,2
2019,10,11,hamilton,2,1:30.987,90.987,False,False,False,0,10,2
2019,10,12,hamilton,2,1:30.904,90.904,False,False,False,0,11,2
2019,10,13,hamilton,2,1:30.807,90.807,False,False,False,0,12,2
2019,10,14,hamilton,2,1:30.771,90.771,False,False,False,0,13,2
2019,10,15,hamilton,2,1:30.877,90.877,False,False,False,0,14,2
2019,10,16,hamilton,2,1:31.006,91.006,False,False,False,0,15,2
2019,10,17,hamilton,1,1:30.236,90.236,False,False,False,0,16,2
2019,10,18,hamilton,1,1:30.979,90.979,False,False,False,0,17,2
2019,10,19,hamilton,1,1:30.784,90.78399999999999,False,False,False,0,18,2
2019,10,24,hamilton,1,1:29.973,89.973,False,False,False,1,3,2
2019,10,25,hamilton,1,1:30.009,90.009,False,False,False,1,4,2
2019,10,26,hamilton,1,1:29.990,89.99,False,False,False,1,5,2
2019,10,27,hamilton,1,1:29.601,89.601,False,False,False,1,6,2
2019,10,28,hamilton,1,1:29.504,89.504,False,False,False,1,7,2
2019,10,29,hamilton,1,1:29.190,89.19,False,False,False,1,8,2
2019,10,30,hamilton,1,1:29.759,89.759,False,False,False,1,9,2
2019,10,31,hamilton,1,1:29.263,89.263,False,False,False,1,10,2
2019,10,32,hamilton,1,1:29.509,89.509,False,False,False,1,11,2
2019,10,33,hamilton,1,1:29.529,89.529,False,False,False,1,12,2
2019,10,34,hamilton,1,1:29.160,89.16,False,False,False,1,13,2
2019,10,35,hamilton,1,1:29.258,89.258,False,False,False,1,14,2
2019,10,36,hamilton,1,1:29.190,89.19,False,False,False,1,15,2
2019,10,37,hamilton,1,1:29.656,89.656,False,False,False,1,16,2
2019,10,38,hamilton,1,1:29.039,89.039,False,False,False,1,17,2
2019,10,39,hamilton,1,1:29.271,89.271,False,False,False,1,18,2
2019,10,40,hamilton,1,1:28.985,88.985,False,False,False,1,19,2
2019,10,41,hamilton,1,1:28.568,88.568,False,False,False,1,20,2
2019,10,42,hamilton,1,1:28.634,88.634,False,False,False,1,21,2
2019,10,43,hamilton,1,1:28.622,88.622,False,False,False,1,22,2
2019,10,44,hamilton,1,1:28.827,88.827,False,False,False,1,23,2
2019,10,45,hamilton,1,1:28.841,88.84100000000001,False,False,False,1,24,2
2019,10,46,hamilton,1,1:28.910,88.91,False,False,False,1,25,2
2019,10,47,hamilton,1,1:29.063,89.063,False,False,False,1,26,2
2019,10,48,hamilton,1,1:28.698,88.69800000000001,False,False,False,1,27,2
2019,10,49,hamilton,1,1:28.676,88.676,False,False,False,1,28,2
2019,10,50,hamilton,1,1:28.908,88.908,False,False,False,1,29,2
2019,10,51,hamilton,1,1:29.711,89.711,False,False,False,1,30,2
2019,10,52,hamilton,1,1:27.369,87.369,False,False,False,1,31,2
2019,10,2,leclerc,3,1:32.158,92.158,False,False,False,0,1,3
2019,10,3,leclerc,3,1:31.883,91.883,False,False,False,0,2,3
2019,10,4,leclerc,3,1:31.639,91.639,False,False,False,0,3,3
2019,10,5,leclerc,3,1:31.888,91.888,False,False,False,0,4,3
2019,10,6,leclerc,3,1:31.506,91.506,False,False,False,0,5,3
2019,10,7,leclerc,3,1:31.306,91.306,False,False,False,0,6,3
2019,10,8,leclerc,3,1:31.375,91.375,False,False,False,0,7,3
2019,10,9,leclerc,3,1:31.581,91.581,False,False,False,0,8,3
2019,10,10,leclerc,3,1:32.272,92.27199999999999,False,False,False,0,9,3
2019,10,11,leclerc,3,1:32.213,92.213,False,False,False,0,10,3
2019,10,12,leclerc,3,1:31.657,91.657,False,False,False,0,11,3
2019,10,15,leclerc,4,1:31.108,91.108,False,False,False,1,1,3
2019,10,16,leclerc,4,1:31.460,91.46000000000001,False,False,False,1,2,3
2019,10,17,leclerc,4,1:31.792,91.792,False,False,False,1,3,3
2019,10,18,leclerc,4,1:31.670,91.67,False,False,False,1,4,3
2019,10,19,leclerc,4,1:30.997,90.997,False,False,False,1,5,3
2019,10,24,leclerc,6,1:33.675,93.675,False,False,False,2,2,3
2019,10,25,leclerc,6,1:32.406,92.406,False,False,False,2,3,3
2019,10,26,leclerc,6,1:30.581,90.581,False,False,False,2,4,3
2019,10,27,leclerc,6,1:30.467,90.467,False,False,False,2,5,3
2019,10,28,leclerc,6,1:30.305,90.305,False,False,False,2,6,3
2019,10,29,leclerc,6,1:30.575,90.575,False,False,False,2,7,3
2019,10,30,leclerc,6,1:30.285,90.285,False,False,False,2,8,3
2019,10,31,leclerc,6,1:30.071,90.071,False,False,False,2,9,3
2019,10,32,leclerc,6,1:30.157,90.157,False,False,False,2,10,3
2019,10,33,leclerc,6,1:29.841,89.84100000000001,False,False,False,2,11,3
2019,10,34,leclerc,6,1:29.836,89.836,False,False,False,2,12,3
2019,10,35,leclerc,6,1:29.574,89.574,False,False,False,2,13,3
2019,10,36,leclerc,5,1:29.592,89.592,False,False,False,2,14,3
2019,10,37,leclerc,3,1:30.806,90.806,False,False,False,2,15,3
2019,10,38,leclerc,3,1:30.303,90.303,False,False,False,2,16,3
2019,10,39,leclerc,3,1:29.743,89.743,False,False,False,2,17,3
2019,10,40,leclerc,3,1:29.796,89.79599999999999,False,False,False,2,18,3
2019,10,41,leclerc,3,1:30.093,90.093,False,False,False,2,19,3
2019,10,42,leclerc,3,1:29.581,89.581,False,False,False,2,20,3
2019,10,43,leclerc,3,1:29.783,89.783,False,False,False,2,21,3
2019,10,44,leclerc,3,1:29.353,89.35300000000001,False,False,False,2,22,3
2019,10,45,leclerc,3,1:29.426,89.426,False,False,False,2,23,3
2019,10,46,leclerc,3,1:29.491,89.491,False,False,False,2,24,3
2019,10,47,leclerc,3,1:29.313,89.313,False,False,False,2,25,3
2019,10,48,leclerc,3,1:29.720,89.72,False,False,False,2,26,3
2019,10,49,leclerc,3,1:29.414,89.414,False,False,False,2,27,3
2019,10,50,leclerc,3,1:29.435,89.435,False,False,False,2,28,3
2019,10,51,leclerc,3,1:29.449,89.449,False,False,False,2,29,3
2019,10,52,leclerc,3,1:29.449,89.449,False,False,False,2,30,3
2019,10,2,max_verstappen,4,1:32.195,92.195,False,False,False,0,1,4
2019,10,3,max_verstappen,4,1:31.929,91.929,False,False,False,0,2,4
2019,10,4,max_verstappen,4,1:31.616,91.616,False,False,False,0,3,4
2019,10,5,max_verstappen,4,1:31.924,91.924,False,False,False,0,4,4
2019,10,6,max_verstappen,4,1:31.390,91.39,False,False,False,0,5,4
2019,10,7,max_verstappen,4,1:31.358,91.358,False,False,False,0,6,4
2019,10,8,max_verstappen,4,1:31.374,91.374,False,False,False,0,7,4
2019,10,9,max_verstappen,4,1:31.658,91.658,False,False,False,0,8,4
2019,10,10,max_verstappen,4,1:31.964,91.964,False,False,False,0,9,4
2019,10,11,max_verstappen,4,1:32.753,92.753,False,False,False,0,10,4
2019,10,12,max_verstappen,4,1:31.322,91.322,False,False,False,0,11,4
2019,10,15,max_verstappen,5,1:30.911,90.911,False,False,False,1,1,4
2019,10,16,max_verstappen,5,1:31.639,91.639,False,False,False,1,2,4
2019,10,17,max_verstappen,5,1:31.578,91.578,False,False,False,1,3,4
2019,10,18,max_verstappen,5,1:31.852,91.852,False,False,False,1,4,4
2019,10,19,max_verstappen,5,1:30.921,90.92099999999999,False,False,False,1,5,4
2019,10,24,max_verstappen,5,1:34.143,94.143,False,False,False,2,3,4
2019,10,25,max_verstappen,5,1:30.740,90.74,False,False,False,2,4,4
2019,10,26,max_verstappen,5,1:30.983,90.983,False,False,False,2,5,4
2019,10,27,max_verstappen,4,1:29.939,89.939,False,False,False,2,6,4
2019,10,28,max_verstappen,4,1:29.825,89.825,False,False,False,2,7,4
2019,10,29,max_verstappen,4,1:30.028,90.02799999999999,False,False,False,2,8,4
2019,10,30,max_verstappen,4,1:29.857,89.857,False,False,False,2,9,4
2019,10,31,max_verstappen,4,1:30.081,90.081,False,False,False,2,10,4
2019,10,32,max_verstappen,4,1:29.695,89.695,False,False,False,2,11,4
2019,10,33,max_verstappen,4,1:29.680,89.68,False,False,False,2,12,4
2019,10,34,max_verstappen,4,1:29.450,89.45,False,False,False,2,13,4
2019,10,35,max_verstappen,4,1:29.524,89.524,False,False,False,2,14,4
2019,10,36,max_verstappen,4,1:29.277,89.277,False,False,False,2,15,4
2019,10,38,max_verstappen,5,1:31.509,91.509,False,False,False,2,17,4
2019,10,39,max_verstappen,5,1:29.951,89.951,False,False,False,2,18,4
2019,10,40,max_verstappen,5,1:29.717,89.717,False,False,False,2,19,4
2019,10,41,max_verstappen,5,1:29.653,89.65299999999999,False,False,False,2,20,4
2019,10,42,max_verstappen,5,1:29.775,89.775,False,False,False,2,21,4
2019,10,43,max_verstappen,5,1:29.409,89.40899999999999,False,False,False,2,22,4
2019,10,44,max_verstappen,5,1:29.532,89.532,False,False,False,2,23,4
2019,10,45,max_verstappen,5,1:29.272,89.27199999999999,False,False,False,2,24,4
2019,10,46,max_verstappen,5,1:29.343,89.343,False,False,False,2,25,4
2019,10,47,max_verstappen,5,1:29.291,89.291,False,False,False,2,26,4
2019,10,48,max_verstappen,5,1:29.734,89.73400000000001,False,False,False,2,27,4
2019,10,49,max_verstappen,5,1:29.903,89.90299999999999,False,False,False,2,28,4
2019,10,50,max_verstappen,5,1:29.716,89.71600000000001,False,False,False,2,29,4
2019,10,51,max_verstappen,5,1:29.595,89.595,False,False,False,2,30,4
2019,10,52,max_verstappen,5,1:29.855,89.855,False,False,False,2,31,4
2019,10,2,raikkonen,12,1:34.231,94.231,False,False,False,0,1,12
2019,10,3,raikkonen,12,1:33.467,93.467,False,False,False,0,2,12
2019,10,4,raikkonen,12,1:33.440,93.44,False,False,False,0,3,12
2019,10,5,raikkonen,13,1:34.252,94.25200000000001,False,False,False,0,4,12
2019,10,6,raikkonen,13,1:33.479,93.479,False,False,False,0,5,12
2019,10,7,raikkonen,13,1:33.530,93.53,False,False,False,0,6,12
2019,10,8,raikkonen,13,1:32.922,92.922,False,False,False,0,7,12
2019,10,9,raikkonen,13,1:33.098,93.098,False,False,False,0,8,12
2019,10,10,raikkonen,13,1:32.671,92.67099999999999,False,False,False,0,9,12
2019,10,11,raikkonen,13,1:32.484,92.48400000000001,False,False,False,0,10,12
2019,10,12,raikkonen,13,1:32.665,92.66499999999999,False,False,False,0,11,12
2019,10,13,raikkonen,12,1:32.968,92.968,False,False,False,0,12,12
2019,10,14,raikkonen,9,1:33.055,93.055,False,False,False,0,13,12
2019,10,15,raikkonen,9,1:32.431,92.431,False,False,False,0,14,12
2019,10,16,raikkonen,9,1:32.447,92.447,False,False,False,0,15,12
2019,10,19,raikkonen,15,1:34.478,94.47800000000001,False,False,False,1,1,12
2019,10,24,raikkonen,11,1:34.221,94.221,False,False,False,1,6,12
2019,10,25,raikkonen,11,1:33.206,93.206,False,False,False,1,7,12
2019,10,26,raikkonen,11,1:32.054,92.054,False,False,False,1,8,12
2019,10,27,raikkonen,11,1:31.953,91.953,False,False,False,1,9,12
2019,10,28,raikkonen,11,1:32.006,92.006,False,False,False,1,10,12
2019,10,29,raikkonen,11,1:31.859,91.85900000000001,False,False,False,1,11,12
2019,10,30,raikkonen,11,1:31.362,91.362,False,False,False,1,12,12
2019,10,31,raikkonen,11,1:31.481,91.481,False,False,False,1,13,12
2019,10,32,raikkonen,11,1:31.352,91.352,False,False,False,1,14,12
2019,10,33,raikkonen,11,1:31.448,91.44800000000001,False,False,False,1,15,12
2019,10,34,raikkonen,11,1:31.126,91.126,False,False,False,1,16,12
2019,10,35,raikkonen,11,1:31.157,91.157,False,False,False,1,17,12
2019,10,36,raikkonen,10,1:31.078,91.078,False,False,False,1,18,12
2019,10,37,raikkonen,10,1:31.386,91.386,False,False,False,1,19,12
2019,10,38,raikkonen,9,1:31.293,91.293,False,False,False,1,20,12
2019,10,39,raikkonen,9,1:31.499,91.499,False,False,False,1,21,12
2019,10,40,raikkonen,9,1:31.145,91.145,False,False,False,1,22,12
2019,10,41,raikkonen,9,1:31.294,91.294,False,False,False,1,23,12
2019,10,42,raikkonen,9,1:31.217,91.217,False,False,False,1,24,12
2019,10,43,raikkonen,8,1:30.299,90.299,False,False,False,1,25,12
2019,10,44,raikkonen,8,1:30.395,90.395,False,False,False,1,26,12
2019,10,45,raikkonen,8,1:30.515,90.515,False,False,False,1,27,12
2019,10,46,raikkonen,8,1:30.594,90.594,False,False,False,1,28,12
2019,10,47,raikkonen,8,1:30.579,90.57900000000001,False,False,False,1,29,12
2019,10,48,raikkonen,8,1:30.394,90.394,False,False,False,1,30,12
2019,10,49,raikkonen,8,1:30.468,90.468,False,False,False,1,31,12
2019,10,50,raikkonen,8,1:30.434,90.434,False,False,False,1,32,12
2019,10,51,raikkonen,8,1:30.034,90.03399999999999,False,False,False,1,33,12
2019,10,52,raikkonen,8,1:30.036,90.036,False,False,False,1,34,12
2019,10,2,ricciardo,8,1:33.528,93.52799999999999,False,False,False,0,1,7
2019,10,3,ricciardo,8,1:32.519,92.519,False,False,False,0,2,7
2019,10,4,ricciardo,8,1:32.945,92.945,False,False,False,0,3,7
2019,10,5,ricciardo,8,1:32.449,92.449,False,False,False,0,4,7
2019,10,6,ricciardo,8,1:32.853,92.85300000000001,False,False,False,0,5,7
2019,10,7,ricciardo,8,1:32.869,92.869,False,False,False,0,6,7
2019,10,8,ricciardo,8,1:32.468,92.468,False,False,False,0,7,7
2019,10,9,ricciardo,8,1:32.638,92.638,False,False,False,0,8,7
2019,10,10,ricciardo,8,1:32.429,92.429,False,False,False,0,9,7
2019,10,11,ricciardo,8,1:32.379,92.37899999999999,False,False,False,0,10,7
2019,10,14,ricciardo,11,1:31.941,91.941,False,False,False,1,1,7
2019,10,15,ricciardo,11,1:32.142,92.142,False,False,False,1,2,7
2019,10,16,ricciardo,11,1:32.096,92.096,False,False,False,1,3,7
2019,10,17,ricciardo,11,1:31.860,91.86,False,False,False,1,4,7
2019,10,18,ricciardo,9,1:31.681,91.681,False,False,False,1,5,7
2019,10,19,ricciardo,8,1:32.237,92.237,False,False,False,1,6,7
2019,10,24,ricciardo,10,1:34.373,94.37299999999999,False,False,False,2,3,7
2019,10,25,ricciardo,9,1:32.790,92.78999999999999,False,False,False,2,4,7
2019,10,26,ricciardo,9,1:31.725,91.725,False,False,False,2,5,7
2019,10,27,ricciardo,9,1:31.370,91.37,False,False,False,2,6,7
2019,10,28,ricciardo,9,1:31.474,91.474,False,False,False,2,7,7
2019,10,29,ricciardo,9,1:31.581,91.581,False,False,False,2,8,7
2019,10,30,ricciardo,9,1:31.412,91.412,False,False,False,2,9,7
2019,10,31,ricciardo,9,1:31.827,91.827,False,False,False,2,10,7
2019,10,32,ricciardo,9,1:31.312,91.312,False,False,False,2,11,7
2019,10,33,ricciardo,9,1:30.995,90.995,False,False,False,2,12,7
2019,10,34,ricciardo,9,1:30.881,90.881,False,False,False,2,13,7
2019,10,35,ricciardo,9,1:30.504,90.504,False,False,False,2,14,7
2019,10,36,ricciardo,8,1:30.447,90.447,False,False,False,2,15,7
2019,10,37,ricciardo,8,1:30.826,90.826,False,False,False,2,16,7
2019,10,38,ricciardo,7,1:30.565,90.565,False,False,False,2,17,7
2019,10,39,ricciardo,7,1:30.300,90.3,False,False,False,2,18,7
2019,10,40,ricciardo,7,1:30.498,90.498,False,False,False,2,19,7
2019,10,41,ricciardo,7,1:30.553,90.553,False,False,False,2,20,7
2019,10,42,ricciardo,7,1:30.692,90.69200000000001,False,False,False,2,21,7
2019,10,43,ricciardo,7,1:30.473,90.473,False,False,False,2,22,7
2019,10,44,ricciardo,7,1:30.281,90.281,False,False,False,2,23,7
2019,10,45,ricciardo,7,1:29.929,89.929,False,False,False,2,24,7
2019,10,46,ricciardo,7,1:30.609,90.60900000000001,False,False,False,2,25,7
2019,10,47,ricciardo,7,1:30.530,90.53,False,False,False,2,26,7
2019,10,48,ricciardo,7,1:30.173,90.173,False,False,False,2,27,7
2019,10,49,ricciardo,7,1:29.900,89.9,False,False,False,2,28,7
2019,10,50,ricciardo,7,1:29.624,89.624,False,False,False,2,29,7
2019,10,51,ricciardo,7,1:29.911,89.911,False,False,False,2,30,7
2019,10,52,ricciardo,7,1:29.903,89.90299999999999,False,False,False,2,31,7
2019,10,2,sainz,11,1:34.057,94.057,False,False,False,0,1,13
2019,10,3,sainz,11,1:32.843,92.843,False,False,False,0,2,13
2019,10,4,sainz,11,1:33.170,93.17,False,False,False,0,3,13
2019,10,5,sainz,11,1:33.078,93.078,False,False,False,0,4,13
2019,10,6,sainz,11,1:33.080,93.08,False,False,False,0,5,13
2019,10,7,sainz,11,1:32.942,92.94200000000001,False,False,False,0,6,13
2019,10,8,sainz,11,1:32.718,92.718,False,False,False,0,7,13
2019,10,9,sainz,11,1:32.890,92.89,False,False,False,0,8,13
2019,10,10,sainz,11,1:32.744,92.744,False,False,False,0,9,13
2019,10,11,sainz,11,1:32.536,92.536,False,False,False,0,10,13
2019,10,12,sainz,11,1:32.688,92.688,False,False,False,0,11,13
2019,10,13,sainz,9,1:32.898,92.898,False,False,False,0,12,13
2019,10,14,sainz,6,1:33.903,93.90299999999999,False,False,False,0,13,13
2019,10,15,sainz,6,1:32.215,92.215,False,False,False,0,14,13
2019,10,16,sainz,6,1:31.974,91.974,False,False,False,0,15,13
2019,10,17,sainz,6,1:32.176,92.176,False,False,False,0,16,13
2019,10,18,sainz,6,1:31.724,91.724,False,False,False,0,17,13
2019,10,19,sainz,6,1:31.805,91.805,False,False,False,0,18,13
2019,10,24,sainz,7,1:33.689,93.689,False,False,False,1,3,13
2019,10,25,sainz,7,1:33.248,93.24799999999999,False,False,False,1,4,13
2019,10,26,sainz,7,1:31.516,91.51599999999999,False,False,False,1,5,13
2019,10,27,sainz,7,1:31.422,91.422,False,False,False,1,6,13
2019,10,28,sainz,7,1:31.476,91.476,False,False,False,1,7,13
2019,10,29,sainz,7,1:31.310,91.31,False,False,False,1,8,13
2019,10,30,sainz,7,1:31.008,91.008,False,False,False,1,9,13
2019,10,31,sainz,7,1:31.248,91.248,False,False,False,1,10,13
2019,10,32,sainz,7,1:31.183,91.18299999999999,False,False,False,1,11,13
2019,10,33,sainz,7,1:31.102,91.102,False,False,False,1,12,13
2019,10,34,sainz,7,1:31.126,91.126,False,False,False,1,13,13
2019,10,35,sainz,7,1:30.730,90.73,False,False,False,1,14,13
2019,10,36,sainz,7,1:30.796,90.79599999999999,False,False,False,1,15,13
2019,10,37,sainz,7,1:31.027,91.027,False,False,False,1,16,13
2019,10,38,sainz,6,1:30.861,90.861,False,False,False,1,17,13
2019,10,39,sainz,6,1:30.828,90.828,False,False,False,1,18,13
2019,10,40,sainz,6,1:30.589,90.589,False,False,False,1,19,13
2019,10,41,sainz,6,1:30.759,90.759,False,False,False,1,20,13
2019,10,42,sainz,6,1:30.634,90.634,False,False,False,1,21,13
2019,10,43,sainz,6,1:30.507,90.507,False,False,False,1,22,13
2019,10,44,sainz,6,1:30.104,90.104,False,False,False,1,23,13
2019,10,45,sainz,6,1:30.047,90.047,False,False,False,1,24,13
2019,10,46,sainz,6,1:30.793,90.793,False,False,False,1,25,13
2019,10,47,sainz,6,1:30.417,90.417,False,False,False,1,26,13
2019,10,48,sainz,6,1:30.188,90.188,False,False,False,1,27,13
2019,10,49,sainz,6,1:29.766,89.76599999999999,False,False,False,1,28,13
2019,10,50,sainz,6,1:29.757,89.757,False,False,False,1,29,13
2019,10,51,sainz,6,1:29.863,89.863,False,False,False,1,30,13
2019,10,52,sainz,6,1:29.867,89.867,False,False,False,1,31,13
